{
  "index.html": 1667953847112,
  "manifest.json": 1667954097030,
  "utils/locate-reuse-libs.js": 1667953847116,
  "model/models.js": 1667953847120,
  "controller/App.controller.js": 1667953847124,
  "Component.js": 1667953847108,
  "Component-preload.js": 1667954097367,
  "Component-dbg.js": 1667953847108,
  "model/models-dbg.js": 1667953847120,
  "controller/App-dbg.controller.js": 1667953847124,
  "utils/locate-reuse-libs-dbg.js": 1667953847116,
  "view/App.view.xml": 1667953847128,
  "css/style.css": 1667953847128,
  "i18n/i18n.properties": 1667953862980
}