{
  "utils/locate-reuse-libs.js": 1667953847116,
  "i18n/i18n_en.properties": 1668547204587,
  "Component.js": 1667953847108,
  "i18n/i18n.properties": 1668241407174,
  "model/models.js": 1667953847120,
  "model/formatter.js": 1668604126269,
  "controller/CarList.controller.js": 1668603388426,
  "controller/BaseController.js": 1668548282349,
  "controller/App.controller.js": 1668068847809,
  "manifest.json": 1668604520796,
  "Component-preload.js": 1668604521249,
  "controller/App-dbg.controller.js": 1668068847809,
  "model/models-dbg.js": 1667953847120,
  "model/formatter-dbg.js": 1668604126269,
  "controller/CarList-dbg.controller.js": 1668603388426,
  "controller/BaseController-dbg.js": 1668548282349,
  "utils/locate-reuse-libs-dbg.js": 1667953847116,
  "Component-dbg.js": 1667953847108,
  "view/CarList.view.xml": 1668604032797,
  "view/App.view.xml": 1668070063163,
  "fragment/AddCarDialog.fragment.xml": 1668509245839,
  "css/style.css": 1667953847128,
  "index.html": 1667953847112
}